{
  "project_info": {
    "project_number": "809587368169",
    "firebase_url": "https://game-sentry-96b67-default-rtdb.asia-southeast1.firebasedatabase.app",
    "project_id": "game-sentry-96b67",
    "storage_bucket": "game-sentry-96b67.firebasestorage.app"
  },
  "client": [
    {
      "client_info": {
        "mobilesdk_app_id": "1:809587368169:android:b88d2fa65fdcd1809d1078",
        "android_client_info": {
          "package_name": "com.example.gamesentry"
        }
      },
      "oauth_client": [],
      "api_key": [
        {
          "current_key": "AIzaSyCHEaGY6zdUgpCfQoqhleOwO57ZPBLZGCw"
        }
      ],
      "services": {
        "appinvite_service": {
          "other_platform_oauth_client": []
        }
      }
    }
  ],
  "configuration_version": "1"
}